{
  "version": "2020.2",
  "applications": [],
  "platforms": [
    {
      "name": "design_1_wrapper"
    }
  ],
  "systems": [
    {
      "name": "hello_world_system",
      "platform": "D:/users/glen/fpgas/round-lcd-gauges-4up/round-lcd-gauges-4up.sdk/design_1_wrapper/export/design_1_wrapper/design_1_wrapper.xpfm",
      "sysConfig": "design_1_wrapper",
      "buildConfig": "Release",
      "applications": [
        {
          "name": "hello_world",
          "platform": "D:/users/glen/fpgas/round-lcd-gauges-4up/round-lcd-gauges-4up.sdk/design_1_wrapper/export/design_1_wrapper/design_1_wrapper.xpfm",
          "platformPath": "D:\\users\\glen\\fpgas\\round-lcd-gauges-4up\\round-lcd-gauges-4up.sdk\\design_1_wrapper\\export\\design_1_wrapper",
          "sysConfig": "design_1_wrapper",
          "domain": "standalone_ps7_cortexa9_0",
          "system": "hello_world_system"
        }
      ],
      "platformPath": "D:\\users\\glen\\fpgas\\round-lcd-gauges-4up\\round-lcd-gauges-4up.sdk\\design_1_wrapper\\export\\design_1_wrapper"
    }
  ],
  "others": []
}